Workbook

Sheet Base_Funcionarios
A1: 2-Diretoria | B1: 9-Matricula | C1: 10-Nome | D1: 29-Título Cargo | E1: 38-Matrícula Gestor | F1: 39-Gestor | G1: CDC | H1: RDC-
A2: Alta Administração | B2: 362 | C2: Nome1 | D2: Função1 | G2: 500000 ADVANCED BIONICS | H2: =IFERROR(INDEX(Area_Map!$C:$C,MATCH(A2,Area_Map!$A:$A,0)),"Fora RDC") -> RDC
A3: Alta Administração | B3: 1171 | C3: Nome2 | D3: Função2 | G3: 300000 GERENCIA GERAL WHS | H3: =IFERROR(INDEX(Area_Map!$C:$C,MATCH(A3,Area_Map!$A:$A,0)),"Fora RDC") -> RDC
A4: Alta Administração | B4: 775 | C4: Nome3 | D4: Função3 | G4: 401000 GERENCIA GERAL RETAIL | H4: =IFERROR(INDEX(Area_Map!$C:$C,MATCH(A4,Area_Map!$A:$A,0)),"Fora RDC") -> RDC
A5: AB - RDC apoio | B5: 1213 | C5: Nome4 | D5: Função4 | E5: 429 | F5: Chefia1 | G5: 500000 ADVANCED BIONICS | H5: =IFERROR(INDEX(Area_Map!$C:$C,MATCH(A5,Area_Map!$A:$A,0)),"Fora RDC") -> RDC apoio
A6: AB - RDC apoio | B6: 431 | C6: Nome5 | D6: Função5 | E6: 309 | F6: Chefia2 | G6: 500000 ADVANCED BIONICS | H6: =IFERROR(INDEX(Area_Map!$C:$C,MATCH(A6,Area_Map!$A:$A,0)),"Fora RDC") -> RDC apoio
A7: AB - RDC apoio | B7: 429 | C7: Nome6 | D7: Função6 | E7: 362 | F7: Chefia3 | G7: 500000 ADVANCED BIONICS | H7: =IFERROR(INDEX(Area_Map!$C:$C,MATCH(A7,Area_Map!$A:$A,0)),"Fora RDC") -> RDC apoio
A8: AB - RDC apoio | B8: 430 | C8: Nome7 | D8: Função7 | E8: 362 | F8: Chefia4 | G8: 500000 ADVANCED BIONICS | H8: =IFERROR(INDEX(Area_Map!$C:$C,MATCH(A8,Area_Map!$A:$A,0)),"Fora RDC") -> RDC apoio
A9: AB - RDC apoio | B9: 428 | C9: Nome8 | D9: Função8 | E9: 429 | F9: Chefia5 | G9: 500000 ADVANCED BIONICS | H9: =IFERROR(INDEX(Area_Map!$C:$C,MATCH(A9,Area_Map!$A:$A,0)),"Fora RDC") -> RDC apoio
A10: AB - RDC apoio | B10: 309 | C10: Nome9 | D10: Função9 | E10: 362 | F10: Chefia6 | G10: 500000 ADVANCED BIONICS | H10: =IFERROR(INDEX(Area_Map!$C:$C,MATCH(A10,Area_Map!$A:$A,0)),"Fora RDC") -> RDC apoio
A11: Administrativo - RDC apoio | B11: 11316 | C11: Nome10 | D11: Função10 | E11: 11700 | F11: Chefia7 | G11: 401100 ADMINISTRATIVO AC | H11: =IFERROR(INDEX(Area_Map!$C:$C,MATCH(A11,Area_Map!$A:$A,0)),"Fora RDC") -> RDC apoio
A12: Administrativo - RDC apoio | B12: 11633 | C12: Nome11 | D12: Função11 | E12: 296 | F12: Chefia8 | G12: 401100 ADMINISTRATIVO AC | H12: =IFERROR(INDEX(Area_Map!$C:$C,MATCH(A12,Area_Map!$A:$A,0)),"Fora RDC") -> RDC apoio
A13: Administrativo - RDC apoio | B13: 11790 | C13: Nome12 | D13: Função12 | E13: 11700 | F13: Chefia9 | G13: 401100 ADMINISTRATIVO AC | H13: =IFERROR(INDEX(Area_Map!$C:$C,MATCH(A13,Area_Map!$A:$A,0)),"Fora RDC") -> RDC apoio
A14: Administrativo - RDC apoio | B14: 676 | C14: Nome13 | D14: Função13 | E14: 296 | F14: Chefia10 | G14: 401100 ADMINISTRATIVO AC | H14: =IFERROR(INDEX(Area_Map!$C:$C,MATCH(A14,Area_Map!$A:$A,0)),"Fora RDC") -> RDC apoio
A15: Administrativo - RDC apoio | B15: 296 | C15: Nome14 | D15: Função14 | E15: 11700 | F15: Chefia11 | G15: 401100 ADMINISTRATIVO AC | H15: =IFERROR(INDEX(Area_Map!$C:$C,MATCH(A15,Area_Map!$A:$A,0)),"Fora RDC") -> RDC apoio
A16: Administrativo - RDC apoio | B16: 1132 | C16: Nome15 | D16: Função15 | E16: 296 | F16: Chefia12 | G16: 401100 ADMINISTRATIVO AC | H16: =IFERROR(INDEX(Area_Map!$C:$C,MATCH(A16,Area_Map!$A:$A,0)),"Fora RDC") -> RDC apoio
... A163: TI - RDC apoio | B163: 1187 | C163: Nome162 | D163: Função162 | E163: 11785 | F163: Chefia159 | G163: 720000 TI | H163: =IFERROR(INDEX(Area_Map!$C:$C,MATCH(A163,Area_Map!$A:$A,0)),"Fora RDC") -> RDC apoio

Sheet Area_Map
A1: Area_Base | B1: Area_TXT | C1: RDC-
A2: Alta Administração | B2: diretor | C2: RDC
A3: Qualidade | B3: qualidade | C3: RDC
A4: Laboratório | B4: laborat | C4: RDC
A5: Produção | B5: produ | C5: RDC
A6: Logística | B6: logíst | C6: RDC
A7: Compras | B7: compr | C7: RDC
A8: Assistência | B8: assist | C8: RDC
A9: RH | B9: rh | C9: RDC
A10: SST | B10: segurança | C10: RDC
A11: AB - RDC apoio | B11: ab apoio | C11: RDC apoio
A12: Administrativo - RDC apoio | B12: administrativo apoio | C12: RDC apoio
... A22: TI - RDC apoio | B22: ti apoio | C22: RDC apoio

Sheet Node_Positions
A1: Area_ID | B1: X | C1: Y
A2: alta_adm | B2: 520 | C2: 10
A3: rd | B3: 860 | C3: 10
A4: qa | B4: 320 | C4: 330
A5: qc | B5: 630 | C5: 330
A6: reclamacoes | B6: 940 | C6: 330
A7: compras | B7: 120 | C7: 690
A8: producao | B8: 430 | C8: 690
A9: logistica | B9: 740 | C9: 690
A10: assistencia | B10: 1050 | C10: 690
A11: rh | B11: 430 | C11: 1050
A12: sst | B12: 740 | C12: 1050
A13: ab_apoio | B13: 120 | C13: =C12+320 -> 1370
A14: administrativo_apoio | B14: =+B13+310 -> 430 | C14: 1370
A15: atendimento_apoio | B15: =+B14+310 -> 740 | C15: 1370
A16: contabilidade_apoio | B16: =+B15+310 -> 1050 | C16: 1370
A17: expansao_apoio | B17: =+B16+310 -> 1360 | C17: 1370
A18: financas_apoio | B18: =+B17+310 -> 1670 | C18: 1370
A19: fiscal_apoio | B19: 120 | C19: =C18+320 -> 1690
A20: gerencia_apoio | B20: =+B19+310 -> 430 | C20: 1690
A21: latam_apoio | B21: =+B20+310 -> 740 | C21: 1690
A22: marketing_apoio | B22: =+B21+310 -> 1050 | C22: 1690
A23: revenda_apoio | B23: =+B22+310 -> 1360 | C23: 1690
A24: ti_apoio | B24: =+B23+310 -> 1670 | C24: 1690

Sheet Plano_Editavel
A1: Observação
A2: As áreas de apoio foram posicionadas em uma faixa inferior única na aba Node_Positions. Atenção: o HTML atual precisa ler/importar Node_Positions para aplicar essas coordenadas automaticamente.
A3: Mapeamentos adicionados na aba Area_Map para áreas de RDC apoio e RH.
A4: Se uma nova área de apoio entrar no organograma, use a coluna Area_TXT para informar a palavra-chave que vai casar com o TXT.
